{
  "total_steps": 40,
  "initial_loss": 1.8723,
  "final_loss": 0.5878,
  "loss_reduction": 1.2845,
  "loss_reduction_percent": 68.60545852694545,
  "initial_accuracy": 0.6123,
  "final_accuracy": 0.9507,
  "accuracy_improvement": 0.33840000000000003,
  "accuracy_improvement_percent": 55.26702596766293,
  "min_loss": 0.5878,
  "max_accuracy": 0.9507,
  "timestamp": "20250328_121210"
}